{
  "columns": [
    {
      "name": "order_id",
      "pandas_dtype": "object",
      "sqlite_type": "TEXT"
    },
    {
      "name": "order_date",
      "pandas_dtype": "object",
      "sqlite_type": "TEXT"
    },
    {
      "name": "year",
      "pandas_dtype": "int64",
      "sqlite_type": "INTEGER"
    },
    {
      "name": "month",
      "pandas_dtype": "int64",
      "sqlite_type": "INTEGER"
    },
    {
      "name": "region",
      "pandas_dtype": "object",
      "sqlite_type": "TEXT"
    },
    {
      "name": "city",
      "pandas_dtype": "object",
      "sqlite_type": "TEXT"
    },
    {
      "name": "segment",
      "pandas_dtype": "object",
      "sqlite_type": "TEXT"
    },
    {
      "name": "category",
      "pandas_dtype": "object",
      "sqlite_type": "TEXT"
    },
    {
      "name": "sub_category",
      "pandas_dtype": "object",
      "sqlite_type": "TEXT"
    },
    {
      "name": "units",
      "pandas_dtype": "int64",
      "sqlite_type": "INTEGER"
    },
    {
      "name": "unit_price",
      "pandas_dtype": "float64",
      "sqlite_type": "REAL"
    },
    {
      "name": "discount",
      "pandas_dtype": "float64",
      "sqlite_type": "REAL"
    },
    {
      "name": "sales",
      "pandas_dtype": "float64",
      "sqlite_type": "REAL"
    },
    {
      "name": "profit",
      "pandas_dtype": "float64",
      "sqlite_type": "REAL"
    },
    {
      "name": "returned",
      "pandas_dtype": "int64",
      "sqlite_type": "INTEGER"
    }
  ]
}