{
  "steps": [
    {
      "entity": "order_date",
      "id": "concentration_order_date_units",
      "metric": "units",
      "rationale": "Check whether outcomes are concentrated among a small set of entities.",
      "type": "concentration"
    },
    {
      "id": "distribution_1_units",
      "metric": "units",
      "rationale": "Understand the distribution and scale of numeric fields.",
      "type": "distribution"
    },
    {
      "id": "distribution_2_sales",
      "metric": "sales",
      "rationale": "Understand the distribution and scale of numeric fields.",
      "type": "distribution"
    },
    {
      "id": "distribution_3_unit_price",
      "metric": "unit_price",
      "rationale": "Understand the distribution and scale of numeric fields.",
      "type": "distribution"
    },
    {
      "id": "quality_checks",
      "metric": "__dataset__",
      "rationale": "Baseline data quality checks.",
      "type": "quality"
    },
    {
      "by": "sub_category",
      "id": "segmentation_1_sub_category_units",
      "metric": "units",
      "rationale": "Compare key metric across common categorical segments.",
      "type": "segmentation"
    },
    {
      "by": "category",
      "id": "segmentation_2_category_units",
      "metric": "units",
      "rationale": "Compare key metric across common categorical segments.",
      "type": "segmentation"
    },
    {
      "by": "region",
      "id": "segmentation_3_region_units",
      "metric": "units",
      "rationale": "Compare key metric across common categorical segments.",
      "type": "segmentation"
    },
    {
      "id": "trend_1_units",
      "metric": "units",
      "rationale": "Detect time-based movement in key numeric signals.",
      "time_axis": "order_date",
      "type": "trend"
    },
    {
      "id": "trend_2_sales",
      "metric": "sales",
      "rationale": "Detect time-based movement in key numeric signals.",
      "time_axis": "order_date",
      "type": "trend"
    },
    {
      "id": "trend_3_unit_price",
      "metric": "unit_price",
      "rationale": "Detect time-based movement in key numeric signals.",
      "time_axis": "order_date",
      "type": "trend"
    }
  ]
}
