{
  "artifacts_written": [
    "projects\\bcb4757b5f2e47e184c3671df619005c\\runs\\015b979c-3c87-4681-becb-3722c3bf552e\\interpretation.json",
    "projects\\bcb4757b5f2e47e184c3671df619005c\\runs\\015b979c-3c87-4681-becb-3722c3bf552e\\anomalies_normalized.json"
  ],
  "created_at": "2025-12-30T17:26:02.469302+00:00",
  "dataset_id": "d17632ee-d5d3-4106-afca-48f63cb8a3c1",
  "errors": [],
  "policy": {
    "name": "generic_tabular",
    "resolved_roles": null,
    "severity_thresholds": null,
    "version": "1.0.0"
  },
  "profile_eda": {
    "eda_max_rows": 100000,
    "fallback_reason": "ModuleNotFoundError: No module named 'ydata_profiling'",
    "method": "fallback",
    "ok": true,
    "rows_loaded": 5000,
    "rows_profiled": 5000,
    "sampled": false,
    "source_csv": "test_data\\synth_orders.csv"
  },
  "profile_summary": {
    "cols": 15,
    "max_rows": 200000,
    "ok": true,
    "rows_loaded": 5000,
    "rows_summarized": 5000,
    "sampled": false,
    "source_csv": "test_data\\synth_orders.csv"
  },
  "project_id": "bcb4757b5f2e47e184c3671df619005c",
  "queries_executed": [
    "SELECT COUNT(*) AS n FROM data;",
    "SELECT \"year\" AS g0, COUNT(*) AS n, SUM(\"sales\") AS sum_sales, SUM(\"profit\") AS sum_profit, SUM(\"units\") AS sum_units, SUM(\"discount\") AS sum_discount, AVG(\"sales\") AS avg_sales, AVG(\"profit\") AS avg_profit, AVG(\"units\") AS avg_units, AVG(\"returned\") AS rate_returned, CASE WHEN SUM(\"sales\") = 0 THEN NULL ELSE (SUM(\"profit\") * 1.0 / SUM(\"sales\")) END AS profit_margin FROM data GROUP BY \"year\" ORDER BY \"year\" LIMIT 250;",
    "SELECT \"region\" AS g0, COUNT(*) AS n, SUM(\"profit\") AS sum_profit, SUM(\"sales\") AS sum_sales, CASE WHEN SUM(\"sales\") = 0 THEN NULL ELSE (SUM(\"profit\") * 1.0 / SUM(\"sales\")) END AS profit_margin FROM data GROUP BY \"region\" ORDER BY SUM(\"profit\") ASC LIMIT 20;"
  ],
  "question": "EDA verification",
  "run_id": "015b979c-3c87-4681-becb-3722c3bf552e",
  "stages": [
    {
      "source_csv": "test_data\\synth_orders.csv",
      "stage": "execute_primitives",
      "steps_ran": [
        {
          "id": "concentration_order_date_units",
          "metric": "units",
          "plots": [
            "concentration_order_date_units_units_top10.png"
          ],
          "rows_in": 5000,
          "type": "concentration"
        },
        {
          "id": "distribution_1_units",
          "metric": "units",
          "plots": [
            "distribution_1_units_units_hist.png"
          ],
          "rows_in": 5000,
          "type": "distribution"
        },
        {
          "id": "distribution_2_sales",
          "metric": "sales",
          "plots": [
            "distribution_2_sales_sales_hist.png"
          ],
          "rows_in": 5000,
          "type": "distribution"
        },
        {
          "id": "distribution_3_unit_price",
          "metric": "unit_price",
          "plots": [
            "distribution_3_unit_price_unit_price_hist.png"
          ],
          "rows_in": 5000,
          "type": "distribution"
        },
        {
          "id": "quality_checks",
          "metric": "__dataset__",
          "plots": [
            "quality_checks_missingness.png"
          ],
          "rows_in": 5000,
          "type": "quality"
        },
        {
          "id": "segmentation_1_sub_category_units",
          "metric": "units",
          "plots": [
            "segmentation_1_sub_category_units_units_by_sub_category.png"
          ],
          "rows_in": 5000,
          "type": "segmentation"
        },
        {
          "id": "segmentation_2_category_units",
          "metric": "units",
          "plots": [
            "segmentation_2_category_units_units_by_category.png"
          ],
          "rows_in": 5000,
          "type": "segmentation"
        },
        {
          "id": "segmentation_3_region_units",
          "metric": "units",
          "plots": [
            "segmentation_3_region_units_units_by_region.png"
          ],
          "rows_in": 5000,
          "type": "segmentation"
        },
        {
          "id": "trend_1_units",
          "metric": "units",
          "plots": [
            "trend_1_units_units_trend.png"
          ],
          "rows_in": 5000,
          "type": "trend"
        },
        {
          "id": "trend_2_sales",
          "metric": "sales",
          "plots": [
            "trend_2_sales_sales_trend.png"
          ],
          "rows_in": 5000,
          "type": "trend"
        },
        {
          "id": "trend_3_unit_price",
          "metric": "unit_price",
          "plots": [
            "trend_3_unit_price_unit_price_trend.png"
          ],
          "rows_in": 5000,
          "type": "trend"
        }
      ]
    }
  ],
  "status": "success",
  "warnings": [
    "Failed groupby 'time_x_category': misuse of aggregate: SUM()",
    "Failed groupby 'time_x_region': misuse of aggregate: SUM()"
  ]
}
