{
  "_status": "ok",
  "anomalies": [
    {
      "direction": "high",
      "evidence_keys": [
        "time_summary.year=2023:avg_units"
      ],
      "id": "generic_tabular:avg_units:2023:high_ratio",
      "metric": "avg_units",
      "policy": "generic_tabular",
      "severity": "critical",
      "summary": "avg_units for 2023 is 113.0\u00d7 the median across periods.",
      "threshold": {
        "critical": 10.0,
        "warning": 3.0
      },
      "unit": "",
      "value": 310.40492307692307
    },
    {
      "direction": "high",
      "evidence_keys": [
        "time_summary.year=2023:sum_units"
      ],
      "id": "generic_tabular:sum_units:2023:high_ratio",
      "metric": "sum_units",
      "policy": "generic_tabular",
      "severity": "critical",
      "summary": "sum_units for 2023 is 106.9\u00d7 the median across periods.",
      "threshold": {
        "critical": 10.0,
        "warning": 3.0
      },
      "unit": "",
      "value": 504408.0
    }
  ]
}