{
  "_schema": "analyst_agent.data_profile.v1",
  "cols": 15,
  "columns": {
    "category": {
      "cardinality": 6,
      "dtype": "string",
      "missing_count": 0,
      "missing_fraction": 0.0
    },
    "city": {
      "cardinality": 38,
      "dtype": "string",
      "missing_count": 0,
      "missing_fraction": 0.0
    },
    "discount": {
      "cardinality": 484,
      "dtype": "float",
      "max": 0.6,
      "mean": 0.167904,
      "min": 0.001,
      "missing_count": 91,
      "missing_fraction": 0.0182,
      "p05": 0.034,
      "p50": 0.152,
      "p95": 0.369,
      "skew": 0.904152,
      "skew_flag": false,
      "std": 0.102529
    },
    "month": {
      "cardinality": 12,
      "dtype": "int",
      "max": 12.0,
      "mean": 6.443,
      "min": 1.0,
      "missing_count": 0,
      "missing_fraction": 0.0,
      "p05": 1.0,
      "p50": 6.0,
      "p95": 12.0,
      "skew": 0.026065,
      "skew_flag": false,
      "std": 3.427587
    },
    "order_date": {
      "cardinality": 1089,
      "dtype": "string",
      "missing_count": 0,
      "missing_fraction": 0.0
    },
    "order_id": {
      "cardinality": 5000,
      "dtype": "string",
      "missing_count": 0,
      "missing_fraction": 0.0
    },
    "profit": {
      "cardinality": 4185,
      "dtype": "float",
      "max": 5631.75,
      "mean": 109.086825,
      "min": -1036.39,
      "missing_count": 43,
      "missing_fraction": 0.0086,
      "p05": -8.192,
      "p50": 31.5,
      "p95": 518.686,
      "skew": 6.752157,
      "skew_flag": true,
      "std": 240.250553
    },
    "region": {
      "cardinality": 6,
      "dtype": "string",
      "missing_count": 0,
      "missing_fraction": 0.0
    },
    "returned": {
      "cardinality": 2,
      "dtype": "int",
      "max": 1.0,
      "mean": 0.0576,
      "min": 0.0,
      "missing_count": 0,
      "missing_fraction": 0.0,
      "p05": 0.0,
      "p50": 0.0,
      "p95": 1.0,
      "skew": 3.798801,
      "skew_flag": true,
      "std": 0.232985
    },
    "sales": {
      "cardinality": 4804,
      "dtype": "float",
      "max": 36175.91,
      "mean": 703.009612,
      "min": 3.97,
      "missing_count": 0,
      "missing_fraction": 0.0,
      "p05": 17.6075,
      "p50": 233.62,
      "p95": 2873.122,
      "skew": 9.967063,
      "skew_flag": true,
      "std": 1412.353496
    },
    "segment": {
      "cardinality": 3,
      "dtype": "string",
      "missing_count": 0,
      "missing_fraction": 0.0
    },
    "sub_category": {
      "cardinality": 10,
      "dtype": "string",
      "missing_count": 0,
      "missing_fraction": 0.0
    },
    "unit_price": {
      "cardinality": 4544,
      "dtype": "float",
      "max": 1258.46,
      "mean": 279.667974,
      "min": 5.08,
      "missing_count": 0,
      "missing_fraction": 0.0,
      "p05": 11.238,
      "p50": 142.225,
      "p95": 1016.1725,
      "skew": 1.299565,
      "skew_flag": true,
      "std": 319.471404
    },
    "units": {
      "cardinality": 10,
      "dtype": "int",
      "max": 500000.0,
      "mean": 102.7314,
      "min": 1.0,
      "missing_count": 0,
      "missing_fraction": 0.0,
      "p05": 1.0,
      "p50": 2.0,
      "p95": 6.0,
      "skew": 70.710672,
      "skew_flag": true,
      "std": 7070.322226
    },
    "year": {
      "cardinality": 3,
      "dtype": "int",
      "max": 2024.0,
      "mean": 2022.9878,
      "min": 2022.0,
      "missing_count": 0,
      "missing_fraction": 0.0,
      "p05": 2022.0,
      "p50": 2023.0,
      "p95": 2024.0,
      "skew": 0.022557,
      "skew_flag": false,
      "std": 0.821493
    }
  },
  "correlations": [
    {
      "a": "sales",
      "b": "profit",
      "r": 0.8046
    }
  ],
  "max_rows": 200000,
  "rows": 5000,
  "sampled": false,
  "source_csv": "test_data\\synth_orders.csv",
  "time_candidates": [
    "order_date",
    "year"
  ]
}
