{
  "_status": "ok",
  "created_at": "2025-12-30T17:26:02.469302+00:00",
  "dataset_id": "d17632ee-d5d3-4106-afca-48f63cb8a3c1",
  "fingerprint": {
    "sha256": "d56a6bbe2d109734d77945ebbbbb6cc977f19c6d70bdca32c36ce330de7b9407",
    "source_path": "test_data\\synth_orders.csv"
  },
  "project_id": "bcb4757b5f2e47e184c3671df619005c",
  "schema": {
    "columns": [
      {
        "name": "order_id",
        "pandas_dtype": "object",
        "sqlite_type": "TEXT"
      },
      {
        "name": "order_date",
        "pandas_dtype": "object",
        "sqlite_type": "TEXT"
      },
      {
        "name": "year",
        "pandas_dtype": "int64",
        "sqlite_type": "INTEGER"
      },
      {
        "name": "month",
        "pandas_dtype": "int64",
        "sqlite_type": "INTEGER"
      },
      {
        "name": "region",
        "pandas_dtype": "object",
        "sqlite_type": "TEXT"
      },
      {
        "name": "city",
        "pandas_dtype": "object",
        "sqlite_type": "TEXT"
      },
      {
        "name": "segment",
        "pandas_dtype": "object",
        "sqlite_type": "TEXT"
      },
      {
        "name": "category",
        "pandas_dtype": "object",
        "sqlite_type": "TEXT"
      },
      {
        "name": "sub_category",
        "pandas_dtype": "object",
        "sqlite_type": "TEXT"
      },
      {
        "name": "units",
        "pandas_dtype": "int64",
        "sqlite_type": "INTEGER"
      },
      {
        "name": "unit_price",
        "pandas_dtype": "float64",
        "sqlite_type": "REAL"
      },
      {
        "name": "discount",
        "pandas_dtype": "float64",
        "sqlite_type": "REAL"
      },
      {
        "name": "sales",
        "pandas_dtype": "float64",
        "sqlite_type": "REAL"
      },
      {
        "name": "profit",
        "pandas_dtype": "float64",
        "sqlite_type": "REAL"
      },
      {
        "name": "returned",
        "pandas_dtype": "int64",
        "sqlite_type": "INTEGER"
      }
    ]
  }
}
