{
  "caveats": [
    "Failed groupby 'time_x_category': misuse of aggregate: SUM()",
    "Failed groupby 'time_x_region': misuse of aggregate: SUM()"
  ],
  "created_at": "2025-12-30T17:26:02.469302+00:00",
  "dataset_id": "d17632ee-d5d3-4106-afca-48f63cb8a3c1",
  "findings": [
    {
      "evidence_keys": [
        "time_summary.year=2023:avg_units",
        "time_summary.year=2023:sum_units"
      ],
      "severity": "info",
      "text": "Multiple time-level anomalies for units in 2023 (avg_units, sum_units) likely reflect a shared mechanism. Given the distribution shape, this pattern is often driven by a small number of extreme records rather than a broad shift. Confidence: medium.",
      "title": "Mechanism-level consolidation for units in 2023"
    },
    {
      "evidence_keys": [
        "time_summary.year=2023:avg_units"
      ],
      "severity": "critical",
      "text": "avg_units is unusually high for 2023 (310.405), about 113.0\u00d7 the median across periods. Consider validating whether this reflects a data issue or a structural change.",
      "title": "Potential outlier in avg_units"
    },
    {
      "evidence_keys": [
        "time_summary.year=2023:sum_units"
      ],
      "severity": "critical",
      "text": "sum_units is unusually high for 2023 (504408), about 106.9\u00d7 the median across periods. Consider validating whether this reflects a data issue or a structural change.",
      "title": "Potential outlier in sum_units"
    },
    {
      "evidence_keys": [
        "overall.row_count"
      ],
      "severity": "info",
      "text": "Row count: 5000",
      "title": "Row count"
    }
  ],
  "metadata": {
    "anomalies": [
      "avg_units for 2023 is 113.0\u00d7 the median across periods.",
      "sum_units for 2023 is 106.9\u00d7 the median across periods."
    ],
    "anomalies_max_severity": "critical",
    "anomalies_normalized": [
      {
        "direction": "high",
        "evidence_keys": [
          "time_summary.year=2023:avg_units"
        ],
        "id": "generic_tabular:avg_units:2023:high_ratio",
        "metric": "avg_units",
        "policy": "generic_tabular",
        "severity": "critical",
        "summary": "avg_units for 2023 is 113.0\u00d7 the median across periods.",
        "threshold": {
          "critical": 10.0,
          "warning": 3.0
        },
        "unit": "",
        "value": 310.40492307692307
      },
      {
        "direction": "high",
        "evidence_keys": [
          "time_summary.year=2023:sum_units"
        ],
        "id": "generic_tabular:sum_units:2023:high_ratio",
        "metric": "sum_units",
        "policy": "generic_tabular",
        "severity": "critical",
        "summary": "sum_units for 2023 is 106.9\u00d7 the median across periods.",
        "threshold": {
          "critical": 10.0,
          "warning": 3.0
        },
        "unit": "",
        "value": 504408.0
      }
    ],
    "anomalies_structured": [],
    "negative_evidence": [
      "Row count for 2023 is not unusually high (n=1625 vs median\u22481657), reducing support for a broad-based volume shift."
    ]
  },
  "policy": {
    "name": "generic_tabular",
    "resolved_roles": null,
    "severity_thresholds": null,
    "version": "1.0.0"
  },
  "project_id": "bcb4757b5f2e47e184c3671df619005c",
  "question": "EDA verification",
  "run_id": "015b979c-3c87-4681-becb-3722c3bf552e"
}