section,key,value
overall,row_count,5000
time,group_by,year
time_summary,year=2022:n,1718
time_summary,year=2022:sum_sales,1226319.72
time_summary,year=2022:sum_profit,185753.42
time_summary,year=2022:sum_units,4719
time_summary,year=2022:sum_discount,281.889
time_summary,year=2022:avg_sales,713.8065890570431
time_summary,year=2022:avg_profit,108.69129315389117
time_summary,year=2022:avg_units,2.7467986030267753
time_summary,year=2022:rate_returned,0.06926658905704307
time_summary,year=2022:profit_margin,0.15147226043139878
time_summary,year=2023:n,1625
time_summary,year=2023:sum_sales,1132384.01
time_summary,year=2023:sum_profit,177165.33
time_summary,year=2023:sum_units,504408
time_summary,year=2023:sum_discount,271.339
time_summary,year=2023:avg_sales,696.8516984615385
time_summary,year=2023:avg_profit,109.6998947368421
time_summary,year=2023:avg_units,310.40492307692307
time_summary,year=2023:rate_returned,0.06215384615384616
time_summary,year=2023:profit_margin,0.1564534013510134
time_summary,year=2024:n,1657
time_summary,year=2024:sum_sales,1156344.33
time_summary,year=2024:sum_profit,177824.64
time_summary,year=2024:sum_units,4530
time_summary,year=2024:sum_discount,271.012
time_summary,year=2024:avg_sales,697.8541520820761
time_summary,year=2024:avg_profit,108.8944519289651
time_summary,year=2024:avg_units,2.7338563669281837
time_summary,year=2024:rate_returned,0.04103802051901026
time_summary,year=2024:profit_margin,0.1537817373134869
anomaly_negative_profit,group_by,group
anomaly_negative_profit_summary,group=Prairies:n,848
anomaly_negative_profit_summary,group=Prairies:sum_profit,84126.51
anomaly_negative_profit_summary,group=Prairies:sum_sales,567286.55
anomaly_negative_profit_summary,group=Prairies:profit_margin,0.14829632396537515
anomaly_negative_profit_summary,group=Atlantic:n,827
anomaly_negative_profit_summary,group=Atlantic:sum_profit,84892.08
anomaly_negative_profit_summary,group=Atlantic:sum_sales,607735.46
anomaly_negative_profit_summary,group=Atlantic:profit_margin,0.13968590873404033
anomaly_negative_profit_summary,group=North:n,856
anomaly_negative_profit_summary,group=North:sum_profit,85901.2
anomaly_negative_profit_summary,group=North:sum_sales,545108.01
anomaly_negative_profit_summary,group=North:profit_margin,0.15758564986047444
anomaly_negative_profit_summary,group=West:n,864
anomaly_negative_profit_summary,group=West:sum_profit,90027.56
anomaly_negative_profit_summary,group=West:sum_sales,576779.42
anomaly_negative_profit_summary,group=West:profit_margin,0.15608663707175957
anomaly_negative_profit_summary,group=Quebec:n,793
anomaly_negative_profit_summary,group=Quebec:sum_profit,90964.53
anomaly_negative_profit_summary,group=Quebec:sum_sales,579076.79
anomaly_negative_profit_summary,group=Quebec:profit_margin,0.15708543594019714
anomaly_negative_profit_summary,group=Ontario:n,812
anomaly_negative_profit_summary,group=Ontario:sum_profit,104831.51
anomaly_negative_profit_summary,group=Ontario:sum_sales,639061.83
anomaly_negative_profit_summary,group=Ontario:profit_margin,0.16403969863135154
concentration_order_date_units,units.concentration_total,513657.000000
concentration_order_date_units,units.concentration_top1_share,0.973420
concentration_order_date_units,units.concentration_top10_share,0.974064
distribution_1_units,units.count,5000
distribution_1_units,units.mean,102.731400
distribution_1_units,units.std,7070.322226
distribution_1_units,units.min,1.000000
distribution_1_units,units.max,500000.000000
distribution_1_units,units.p05,1.000000
distribution_1_units,units.p50,2.000000
distribution_1_units,units.p95,6.000000
distribution_2_sales,sales.count,5000
distribution_2_sales,sales.mean,703.009612
distribution_2_sales,sales.std,1412.353496
distribution_2_sales,sales.min,3.970000
distribution_2_sales,sales.max,36175.910000
distribution_2_sales,sales.p05,17.607500
distribution_2_sales,sales.p50,233.620000
distribution_2_sales,sales.p95,2873.122000
distribution_3_unit_price,unit_price.count,5000
distribution_3_unit_price,unit_price.mean,279.667974
distribution_3_unit_price,unit_price.std,319.471404
distribution_3_unit_price,unit_price.min,5.080000
distribution_3_unit_price,unit_price.max,1258.460000
distribution_3_unit_price,unit_price.p05,11.238000
distribution_3_unit_price,unit_price.p50,142.225000
distribution_3_unit_price,unit_price.p95,1016.172500
quality_checks,__dataset__.rows,5000
quality_checks,__dataset__.columns,15
quality_checks,__dataset__.missing_total,134
quality_checks,__dataset__.missing_rate,0.001787
segmentation_1_sub_category_units,units.segmentation_groups_sub_category,10
segmentation_1_sub_category_units,units.segmentation_top_group_sub_category,Binders
segmentation_2_category_units,units.segmentation_groups_category,6
segmentation_2_category_units,units.segmentation_top_group_category,Office Supplies
segmentation_3_region_units,units.segmentation_groups_region,6
segmentation_3_region_units,units.segmentation_top_group_region,Prairies
trend_1_units,units.trend_first,2.766234
trend_1_units,units.trend_last,2.626667
trend_1_units,units.trend_periods,36
trend_2_sales,sales.trend_first,687.226494
trend_2_sales,sales.trend_last,602.496867
trend_2_sales,sales.trend_periods,36
trend_3_unit_price,unit_price.trend_first,266.699481
trend_3_unit_price,unit_price.trend_last,274.688133
trend_3_unit_price,unit_price.trend_periods,36
